descriminator,delay_from_start_ms,special_offer_id,product_id
SpecialOfferProduct,5000,1,680
SpecialOfferProduct,5000,1,706
SpecialOfferProduct,5000,1,707
SpecialOfferProduct,5000,1,708
SpecialOfferProduct,5000,1,709
SpecialOfferProduct,5000,1,710
SpecialOfferProduct,5000,1,711
SpecialOfferProduct,5000,1,712
SpecialOfferProduct,5000,1,713
SpecialOfferProduct,5000,1,714
SpecialOfferProduct,5000,1,715
SpecialOfferProduct,5000,1,716
SpecialOfferProduct,5000,1,717
SpecialOfferProduct,5000,1,718
SpecialOfferProduct,5000,1,719
SpecialOfferProduct,5000,1,720
SpecialOfferProduct,5000,1,721
SpecialOfferProduct,5000,1,722
SpecialOfferProduct,5000,1,723
SpecialOfferProduct,5000,1,724
SpecialOfferProduct,5000,1,725
SpecialOfferProduct,5000,1,726
SpecialOfferProduct,5000,1,727
SpecialOfferProduct,5000,1,728
SpecialOfferProduct,5000,1,729
SpecialOfferProduct,5000,1,730
SpecialOfferProduct,5000,1,731
SpecialOfferProduct,5000,1,732
SpecialOfferProduct,5000,1,733
SpecialOfferProduct,5000,1,734
SpecialOfferProduct,5000,1,735
SpecialOfferProduct,5000,1,736
SpecialOfferProduct,5000,1,737
SpecialOfferProduct,5000,1,738
SpecialOfferProduct,5000,1,739
SpecialOfferProduct,5000,1,740
SpecialOfferProduct,5000,1,741
SpecialOfferProduct,5000,1,742
SpecialOfferProduct,5000,1,743
SpecialOfferProduct,5000,1,744
SpecialOfferProduct,5000,1,745
SpecialOfferProduct,5000,1,746
SpecialOfferProduct,5000,1,747
SpecialOfferProduct,5000,1,748
SpecialOfferProduct,5000,1,749
SpecialOfferProduct,5000,1,750
SpecialOfferProduct,5000,1,751
SpecialOfferProduct,5000,1,752
SpecialOfferProduct,5000,1,753
SpecialOfferProduct,5000,1,754
SpecialOfferProduct,5000,1,755
SpecialOfferProduct,5000,1,756
SpecialOfferProduct,5000,1,757
SpecialOfferProduct,5000,1,758
SpecialOfferProduct,5000,1,759
SpecialOfferProduct,5000,1,760
SpecialOfferProduct,5000,1,761
SpecialOfferProduct,5000,1,762
SpecialOfferProduct,5000,1,763
SpecialOfferProduct,5000,1,764
SpecialOfferProduct,5000,1,765
SpecialOfferProduct,5000,1,766
SpecialOfferProduct,5000,1,767
SpecialOfferProduct,5000,1,768
SpecialOfferProduct,5000,1,769
SpecialOfferProduct,5000,1,770
SpecialOfferProduct,5000,1,771
SpecialOfferProduct,5000,1,772
SpecialOfferProduct,5000,1,773
SpecialOfferProduct,5000,1,774
SpecialOfferProduct,5000,1,775
SpecialOfferProduct,5000,1,776
SpecialOfferProduct,5000,1,777
SpecialOfferProduct,5000,1,778
SpecialOfferProduct,5000,1,779
SpecialOfferProduct,5000,1,780
SpecialOfferProduct,5000,1,781
SpecialOfferProduct,5000,1,782
SpecialOfferProduct,5000,1,783
SpecialOfferProduct,5000,1,784
SpecialOfferProduct,5000,1,785
SpecialOfferProduct,5000,1,786
SpecialOfferProduct,5000,1,787
SpecialOfferProduct,5000,1,788
SpecialOfferProduct,5000,1,789
SpecialOfferProduct,5000,1,790
SpecialOfferProduct,5000,1,791
SpecialOfferProduct,5000,1,792
SpecialOfferProduct,5000,1,793
SpecialOfferProduct,5000,1,794
SpecialOfferProduct,5000,1,795
SpecialOfferProduct,5000,1,796
SpecialOfferProduct,5000,1,797
SpecialOfferProduct,5000,1,798
SpecialOfferProduct,5000,1,799
SpecialOfferProduct,5000,1,800
SpecialOfferProduct,5000,1,801
SpecialOfferProduct,5000,1,802
SpecialOfferProduct,5000,1,803
SpecialOfferProduct,5000,1,804
SpecialOfferProduct,5000,1,805
SpecialOfferProduct,5000,1,806
SpecialOfferProduct,5000,1,807
SpecialOfferProduct,5000,1,808
SpecialOfferProduct,5000,1,809
SpecialOfferProduct,5000,1,810
SpecialOfferProduct,5000,1,811
SpecialOfferProduct,5000,1,812
SpecialOfferProduct,5000,1,813
SpecialOfferProduct,5000,1,814
SpecialOfferProduct,5000,1,815
SpecialOfferProduct,5000,1,816
SpecialOfferProduct,5000,1,817
SpecialOfferProduct,5000,1,818
SpecialOfferProduct,5000,1,819
SpecialOfferProduct,5000,1,820
SpecialOfferProduct,5000,1,821
SpecialOfferProduct,5000,1,822
SpecialOfferProduct,5000,1,823
SpecialOfferProduct,5000,1,824
SpecialOfferProduct,5000,1,825
SpecialOfferProduct,5000,1,826
SpecialOfferProduct,5000,1,827
SpecialOfferProduct,5000,1,828
SpecialOfferProduct,5000,1,829
SpecialOfferProduct,5000,1,830
SpecialOfferProduct,5000,1,831
SpecialOfferProduct,5000,1,832
SpecialOfferProduct,5000,1,833
SpecialOfferProduct,5000,1,834
SpecialOfferProduct,5000,1,835
SpecialOfferProduct,5000,1,836
SpecialOfferProduct,5000,1,837
SpecialOfferProduct,5000,1,838
SpecialOfferProduct,5000,1,839
SpecialOfferProduct,5000,1,840
SpecialOfferProduct,5000,1,841
SpecialOfferProduct,5000,1,842
SpecialOfferProduct,5000,1,843
SpecialOfferProduct,5000,1,844
SpecialOfferProduct,5000,1,845
SpecialOfferProduct,5000,1,846
SpecialOfferProduct,5000,1,847
SpecialOfferProduct,5000,1,848
SpecialOfferProduct,5000,1,849
SpecialOfferProduct,5000,1,850
SpecialOfferProduct,5000,1,851
SpecialOfferProduct,5000,1,852
SpecialOfferProduct,5000,1,853
SpecialOfferProduct,5000,1,854
SpecialOfferProduct,5000,1,855
SpecialOfferProduct,5000,1,856
SpecialOfferProduct,5000,1,857
SpecialOfferProduct,5000,1,858
SpecialOfferProduct,5000,1,859
SpecialOfferProduct,5000,1,860
SpecialOfferProduct,5000,1,861
SpecialOfferProduct,5000,1,862
SpecialOfferProduct,5000,1,863
SpecialOfferProduct,5000,1,864
SpecialOfferProduct,5000,1,865
SpecialOfferProduct,5000,1,866
SpecialOfferProduct,5000,1,867
SpecialOfferProduct,5000,1,868
SpecialOfferProduct,5000,1,869
SpecialOfferProduct,5000,1,870
SpecialOfferProduct,5000,1,871
SpecialOfferProduct,5000,1,872
SpecialOfferProduct,5000,1,873
SpecialOfferProduct,5000,1,874
SpecialOfferProduct,5000,1,875
SpecialOfferProduct,5000,1,876
SpecialOfferProduct,5000,1,877
SpecialOfferProduct,5000,1,878
SpecialOfferProduct,5000,1,879
SpecialOfferProduct,5000,1,880
SpecialOfferProduct,5000,1,881
SpecialOfferProduct,5000,1,882
SpecialOfferProduct,5000,1,883
SpecialOfferProduct,5000,1,884
SpecialOfferProduct,5000,1,885
SpecialOfferProduct,5000,1,886
SpecialOfferProduct,5000,1,887
SpecialOfferProduct,5000,1,888
SpecialOfferProduct,5000,1,889
SpecialOfferProduct,5000,1,890
SpecialOfferProduct,5000,1,891
SpecialOfferProduct,5000,1,892
SpecialOfferProduct,5000,1,893
SpecialOfferProduct,5000,1,894
SpecialOfferProduct,5000,1,895
SpecialOfferProduct,5000,1,896
SpecialOfferProduct,5000,1,897
SpecialOfferProduct,5000,1,898
SpecialOfferProduct,5000,1,899
SpecialOfferProduct,5000,1,900
SpecialOfferProduct,5000,1,901
SpecialOfferProduct,5000,1,902
SpecialOfferProduct,5000,1,903
SpecialOfferProduct,5000,1,904
SpecialOfferProduct,5000,1,905
SpecialOfferProduct,5000,1,906
SpecialOfferProduct,5000,1,907
SpecialOfferProduct,5000,1,908
SpecialOfferProduct,5000,1,909
SpecialOfferProduct,5000,1,910
SpecialOfferProduct,5000,1,911
SpecialOfferProduct,5000,1,912
SpecialOfferProduct,5000,1,913
SpecialOfferProduct,5000,1,914
SpecialOfferProduct,5000,1,915
SpecialOfferProduct,5000,1,916
SpecialOfferProduct,5000,1,917
SpecialOfferProduct,5000,1,918
SpecialOfferProduct,5000,1,919
SpecialOfferProduct,5000,1,920
SpecialOfferProduct,5000,1,921
SpecialOfferProduct,5000,1,922
SpecialOfferProduct,5000,1,923
SpecialOfferProduct,5000,1,924
SpecialOfferProduct,5000,1,925
SpecialOfferProduct,5000,1,926
SpecialOfferProduct,5000,1,927
SpecialOfferProduct,5000,1,928
SpecialOfferProduct,5000,1,929
SpecialOfferProduct,5000,1,930
SpecialOfferProduct,5000,1,931
SpecialOfferProduct,5000,1,932
SpecialOfferProduct,5000,1,933
SpecialOfferProduct,5000,1,934
SpecialOfferProduct,5000,1,935
SpecialOfferProduct,5000,1,936
SpecialOfferProduct,5000,1,937
SpecialOfferProduct,5000,1,938
SpecialOfferProduct,5000,1,939
SpecialOfferProduct,5000,1,940
SpecialOfferProduct,5000,1,941
SpecialOfferProduct,5000,1,942
SpecialOfferProduct,5000,1,943
SpecialOfferProduct,5000,1,944
SpecialOfferProduct,5000,1,945
SpecialOfferProduct,5000,1,946
SpecialOfferProduct,5000,1,947
SpecialOfferProduct,5000,1,948
SpecialOfferProduct,5000,1,949
SpecialOfferProduct,5000,1,950
SpecialOfferProduct,5000,1,951
SpecialOfferProduct,5000,1,952
SpecialOfferProduct,5000,1,953
SpecialOfferProduct,5000,1,954
SpecialOfferProduct,5000,1,955
SpecialOfferProduct,5000,1,956
SpecialOfferProduct,5000,1,957
SpecialOfferProduct,5000,1,958
SpecialOfferProduct,5000,1,959
SpecialOfferProduct,5000,1,960
SpecialOfferProduct,5000,1,961
SpecialOfferProduct,5000,1,962
SpecialOfferProduct,5000,1,963
SpecialOfferProduct,5000,1,964
SpecialOfferProduct,5000,1,965
SpecialOfferProduct,5000,1,966
SpecialOfferProduct,5000,1,967
SpecialOfferProduct,5000,1,968
SpecialOfferProduct,5000,1,969
SpecialOfferProduct,5000,1,970
SpecialOfferProduct,5000,1,971
SpecialOfferProduct,5000,1,972
SpecialOfferProduct,5000,1,973
SpecialOfferProduct,5000,1,974
SpecialOfferProduct,5000,1,975
SpecialOfferProduct,5000,1,976
SpecialOfferProduct,5000,1,977
SpecialOfferProduct,5000,1,978
SpecialOfferProduct,5000,1,979
SpecialOfferProduct,5000,1,980
SpecialOfferProduct,5000,1,981
SpecialOfferProduct,5000,1,982
SpecialOfferProduct,5000,1,983
SpecialOfferProduct,5000,1,984
SpecialOfferProduct,5000,1,985
SpecialOfferProduct,5000,1,986
SpecialOfferProduct,5000,1,987
SpecialOfferProduct,5000,1,988
SpecialOfferProduct,5000,1,989
SpecialOfferProduct,5000,1,990
SpecialOfferProduct,5000,1,991
SpecialOfferProduct,5000,1,992
SpecialOfferProduct,5000,1,993
SpecialOfferProduct,5000,1,994
SpecialOfferProduct,5000,1,995
SpecialOfferProduct,5000,1,996
SpecialOfferProduct,5000,1,997
SpecialOfferProduct,5000,1,998
SpecialOfferProduct,5000,1,999
SpecialOfferProduct,5000,2,707
SpecialOfferProduct,5000,2,708
SpecialOfferProduct,5000,2,709
SpecialOfferProduct,5000,2,711
SpecialOfferProduct,5000,2,712
SpecialOfferProduct,5000,2,714
SpecialOfferProduct,5000,2,715
SpecialOfferProduct,5000,2,716
SpecialOfferProduct,5000,2,725
SpecialOfferProduct,5000,2,730
SpecialOfferProduct,5000,2,738
SpecialOfferProduct,5000,2,748
SpecialOfferProduct,5000,2,754
SpecialOfferProduct,5000,2,760
SpecialOfferProduct,5000,2,761
SpecialOfferProduct,5000,2,762
SpecialOfferProduct,5000,2,763
SpecialOfferProduct,5000,2,765
SpecialOfferProduct,5000,2,766
SpecialOfferProduct,5000,2,768
SpecialOfferProduct,5000,2,770
SpecialOfferProduct,5000,2,772
SpecialOfferProduct,5000,2,773
SpecialOfferProduct,5000,2,775
SpecialOfferProduct,5000,2,776
SpecialOfferProduct,5000,2,777
SpecialOfferProduct,5000,2,779
SpecialOfferProduct,5000,2,780
SpecialOfferProduct,5000,2,781
SpecialOfferProduct,5000,2,782
SpecialOfferProduct,5000,2,783
SpecialOfferProduct,5000,2,784
SpecialOfferProduct,5000,2,785
SpecialOfferProduct,5000,2,786
SpecialOfferProduct,5000,2,788
SpecialOfferProduct,5000,2,789
SpecialOfferProduct,5000,2,790
SpecialOfferProduct,5000,2,793
SpecialOfferProduct,5000,2,794
SpecialOfferProduct,5000,2,797
SpecialOfferProduct,5000,2,798
SpecialOfferProduct,5000,2,801
SpecialOfferProduct,5000,2,804
SpecialOfferProduct,5000,2,806
SpecialOfferProduct,5000,2,808
SpecialOfferProduct,5000,2,809
SpecialOfferProduct,5000,2,815
SpecialOfferProduct,5000,2,824
SpecialOfferProduct,5000,2,825
SpecialOfferProduct,5000,2,832
SpecialOfferProduct,5000,2,835
SpecialOfferProduct,5000,2,841
SpecialOfferProduct,5000,2,843
SpecialOfferProduct,5000,2,844
SpecialOfferProduct,5000,2,849
SpecialOfferProduct,5000,2,852
SpecialOfferProduct,5000,2,854
SpecialOfferProduct,5000,2,855
SpecialOfferProduct,5000,2,856
SpecialOfferProduct,5000,2,858
SpecialOfferProduct,5000,2,859
SpecialOfferProduct,5000,2,860
SpecialOfferProduct,5000,2,862
SpecialOfferProduct,5000,2,863
SpecialOfferProduct,5000,2,864
SpecialOfferProduct,5000,2,865
SpecialOfferProduct,5000,2,867
SpecialOfferProduct,5000,2,869
SpecialOfferProduct,5000,2,870
SpecialOfferProduct,5000,2,873
SpecialOfferProduct,5000,2,874
SpecialOfferProduct,5000,2,875
SpecialOfferProduct,5000,2,876
SpecialOfferProduct,5000,2,877
SpecialOfferProduct,5000,2,880
SpecialOfferProduct,5000,2,881
SpecialOfferProduct,5000,2,883
SpecialOfferProduct,5000,2,884
SpecialOfferProduct,5000,2,885
SpecialOfferProduct,5000,2,889
SpecialOfferProduct,5000,2,892
SpecialOfferProduct,5000,2,893
SpecialOfferProduct,5000,2,899
SpecialOfferProduct,5000,2,904
SpecialOfferProduct,5000,2,908
SpecialOfferProduct,5000,2,909
SpecialOfferProduct,5000,2,917
SpecialOfferProduct,5000,2,925
SpecialOfferProduct,5000,2,937
SpecialOfferProduct,5000,2,944
SpecialOfferProduct,5000,2,945
SpecialOfferProduct,5000,2,948
SpecialOfferProduct,5000,2,951
SpecialOfferProduct,5000,2,952
SpecialOfferProduct,5000,2,953
SpecialOfferProduct,5000,2,954
SpecialOfferProduct,5000,2,957
SpecialOfferProduct,5000,2,961
SpecialOfferProduct,5000,2,965
SpecialOfferProduct,5000,2,966
SpecialOfferProduct,5000,2,969
SpecialOfferProduct,5000,2,970
SpecialOfferProduct,5000,2,972
SpecialOfferProduct,5000,2,973
SpecialOfferProduct,5000,2,974
SpecialOfferProduct,5000,2,976
SpecialOfferProduct,5000,2,979
SpecialOfferProduct,5000,2,981
SpecialOfferProduct,5000,2,983
SpecialOfferProduct,5000,2,998
SpecialOfferProduct,5000,2,999
SpecialOfferProduct,5000,3,707
SpecialOfferProduct,5000,3,708
SpecialOfferProduct,5000,3,709
SpecialOfferProduct,5000,3,711
SpecialOfferProduct,5000,3,712
SpecialOfferProduct,5000,3,714
SpecialOfferProduct,5000,3,715
SpecialOfferProduct,5000,3,760
SpecialOfferProduct,5000,3,761
SpecialOfferProduct,5000,3,762
SpecialOfferProduct,5000,3,763
SpecialOfferProduct,5000,3,765
SpecialOfferProduct,5000,3,770
SpecialOfferProduct,5000,3,780
SpecialOfferProduct,5000,3,782
SpecialOfferProduct,5000,3,783
SpecialOfferProduct,5000,3,789
SpecialOfferProduct,5000,3,801
SpecialOfferProduct,5000,3,806
SpecialOfferProduct,5000,3,808
SpecialOfferProduct,5000,3,824
SpecialOfferProduct,5000,3,825
SpecialOfferProduct,5000,3,835
SpecialOfferProduct,5000,3,849
SpecialOfferProduct,5000,3,852
SpecialOfferProduct,5000,3,854
SpecialOfferProduct,5000,3,856
SpecialOfferProduct,5000,3,858
SpecialOfferProduct,5000,3,859
SpecialOfferProduct,5000,3,862
SpecialOfferProduct,5000,3,863
SpecialOfferProduct,5000,3,864
SpecialOfferProduct,5000,3,865
SpecialOfferProduct,5000,3,867
SpecialOfferProduct,5000,3,869
SpecialOfferProduct,5000,3,870
SpecialOfferProduct,5000,3,875
SpecialOfferProduct,5000,3,876
SpecialOfferProduct,5000,3,877
SpecialOfferProduct,5000,3,880
SpecialOfferProduct,5000,3,881
SpecialOfferProduct,5000,3,883
SpecialOfferProduct,5000,3,884
SpecialOfferProduct,5000,3,886
SpecialOfferProduct,5000,3,892
SpecialOfferProduct,5000,3,893
SpecialOfferProduct,5000,3,957
SpecialOfferProduct,5000,3,966
SpecialOfferProduct,5000,3,969
SpecialOfferProduct,5000,3,972
SpecialOfferProduct,5000,3,973
SpecialOfferProduct,5000,3,974
SpecialOfferProduct,5000,3,976
SpecialOfferProduct,5000,3,979
SpecialOfferProduct,5000,3,998
SpecialOfferProduct,5000,4,709
SpecialOfferProduct,5000,4,712
SpecialOfferProduct,5000,4,715
SpecialOfferProduct,5000,4,794
SpecialOfferProduct,5000,4,852
SpecialOfferProduct,5000,4,862
SpecialOfferProduct,5000,4,863
SpecialOfferProduct,5000,4,864
SpecialOfferProduct,5000,4,867
SpecialOfferProduct,5000,4,869
SpecialOfferProduct,5000,4,870
SpecialOfferProduct,5000,4,875
SpecialOfferProduct,5000,4,876
SpecialOfferProduct,5000,4,877
SpecialOfferProduct,5000,4,884
SpecialOfferProduct,5000,4,954
SpecialOfferProduct,5000,4,976
SpecialOfferProduct,5000,5,863
SpecialOfferProduct,5000,5,869
SpecialOfferProduct,5000,7,771
SpecialOfferProduct,5000,7,772
SpecialOfferProduct,5000,7,773
SpecialOfferProduct,5000,7,774
SpecialOfferProduct,5000,7,775
SpecialOfferProduct,5000,7,776
SpecialOfferProduct,5000,7,777
SpecialOfferProduct,5000,7,778
SpecialOfferProduct,5000,8,707
SpecialOfferProduct,5000,8,708
SpecialOfferProduct,5000,8,711
SpecialOfferProduct,5000,9,762
SpecialOfferProduct,5000,10,928
SpecialOfferProduct,5000,10,929
SpecialOfferProduct,5000,10,930
SpecialOfferProduct,5000,11,707
SpecialOfferProduct,5000,11,708
SpecialOfferProduct,5000,11,711
SpecialOfferProduct,5000,12,722
SpecialOfferProduct,5000,12,723
SpecialOfferProduct,5000,12,724
SpecialOfferProduct,5000,12,725
SpecialOfferProduct,5000,12,726
SpecialOfferProduct,5000,12,727
SpecialOfferProduct,5000,12,728
SpecialOfferProduct,5000,12,729
SpecialOfferProduct,5000,12,730
SpecialOfferProduct,5000,12,736
SpecialOfferProduct,5000,12,737
SpecialOfferProduct,5000,12,738
SpecialOfferProduct,5000,13,958
SpecialOfferProduct,5000,13,959
SpecialOfferProduct,5000,13,960
SpecialOfferProduct,5000,13,961
SpecialOfferProduct,5000,13,962
SpecialOfferProduct,5000,13,963
SpecialOfferProduct,5000,13,964
SpecialOfferProduct,5000,13,965
SpecialOfferProduct,5000,13,978
SpecialOfferProduct,5000,13,979
SpecialOfferProduct,5000,14,954
SpecialOfferProduct,5000,14,955
SpecialOfferProduct,5000,14,956
SpecialOfferProduct,5000,14,957
SpecialOfferProduct,5000,15,935
SpecialOfferProduct,5000,15,936
SpecialOfferProduct,5000,15,937
SpecialOfferProduct,5000,15,938
SpecialOfferProduct,5000,15,939
SpecialOfferProduct,5000,15,940
SpecialOfferProduct,5000,15,941
SpecialOfferProduct,5000,16,782
SpecialOfferProduct,5000,16,784
SpecialOfferProduct,5000,16,984
SpecialOfferProduct,5000,16,985
SpecialOfferProduct,5000,16,986
SpecialOfferProduct,5000,16,987
SpecialOfferProduct,5000,16,988
