descriminator,delay_from_start_ms,special_offer_id,description,discount_pct,type,category,start_date,end_date,min_qty,max_qty
SpecialOffer,0,1,No Discount,0E-18,No Discount,No Discount,2011-05-01T00:00:00.000Z,2014-11-30T00:00:00.000Z,0,0
SpecialOffer,0,2,Volume Discount 11 to 14,0.020000000000000000,Volume Discount,Reseller,2011-05-31T00:00:00.000Z,2014-05-30T00:00:00.000Z,11,14
SpecialOffer,0,3,Volume Discount 15 to 24,0.050000000000000000,Volume Discount,Reseller,2011-05-31T00:00:00.000Z,2014-05-30T00:00:00.000Z,15,24
SpecialOffer,0,4,Volume Discount 25 to 40,0.100000000000000000,Volume Discount,Reseller,2011-05-31T00:00:00.000Z,2014-05-30T00:00:00.000Z,25,40
SpecialOffer,0,5,Volume Discount 41 to 60,0.150000000000000000,Volume Discount,Reseller,2011-05-31T00:00:00.000Z,2014-05-30T00:00:00.000Z,41,60
SpecialOffer,0,6,Volume Discount over 60,0.200000000000000000,Volume Discount,Reseller,2011-05-31T00:00:00.000Z,2014-05-30T00:00:00.000Z,61,0
SpecialOffer,0,7,Mountain-100 Clearance Sale,0.350000000000000000,Discontinued Product,Reseller,2012-04-13T00:00:00.000Z,2012-05-29T00:00:00.000Z,0,0
SpecialOffer,0,8,Sport Helmet Discount-2002,0.100000000000000000,Seasonal Discount,Reseller,2012-05-30T00:00:00.000Z,2012-06-29T00:00:00.000Z,0,0
SpecialOffer,0,9,Road-650 Overstock,0.300000000000000000,Excess Inventory,Reseller,2012-05-30T00:00:00.000Z,2012-07-30T00:00:00.000Z,0,0
SpecialOffer,0,10,Mountain Tire Sale,0.500000000000000000,Excess Inventory,Customer,2013-05-14T00:00:00.000Z,2013-07-29T00:00:00.000Z,0,0
SpecialOffer,0,11,Sport Helmet Discount-2003,0.150000000000000000,Seasonal Discount,Reseller,2013-05-30T00:00:00.000Z,2013-06-29T00:00:00.000Z,0,0
SpecialOffer,0,12,LL Road Frame Sale,0.350000000000000000,Excess Inventory,Reseller,2013-05-30T00:00:00.000Z,2013-07-14T00:00:00.000Z,0,0
SpecialOffer,0,13,Touring-3000 Promotion,0.150000000000000000,New Product,Reseller,2013-05-30T00:00:00.000Z,2013-08-29T00:00:00.000Z,0,0
SpecialOffer,0,14,Touring-1000 Promotion,0.200000000000000000,New Product,Reseller,2013-05-30T00:00:00.000Z,2013-08-29T00:00:00.000Z,0,0
SpecialOffer,0,15,Half-Price Pedal Sale,0.500000000000000000,Seasonal Discount,Customer,2013-07-14T00:00:00.000Z,2013-08-14T00:00:00.000Z,0,0
SpecialOffer,0,16,Mountain-500 Silver Clearance Sale,0.400000000000000000,Discontinued Product,Reseller,2014-03-31T00:00:00.000Z,2014-05-30T00:00:00.000Z,0,0
